https://skift.com/insights/state-of-travel/,State of Travel 2025,2025-07-19 11:45:11,Skift
https://skift.com/2025/07/18/u-s-visa-sticker-shock-new-250-integrity-fee/,U.S. Visa Sticker Shock: New $250 ‘Integrity Fee’,2025-07-18 15:00:12,Skift
https://skift.com/2025/07/18/grand-canyon-covered-in-smoke-wildfire-destroys-historic-lodge/,"Grand Canyon Covered in Smoke, Wildfire Destroys Historic Lodge",2025-07-18 13:58:28,Skift
https://skift.com/2025/07/18/what-if-trump-fires-the-federal-reserve-chair-impact-on-travel/,What if Trump Fires the Federal Reserve Chair? Impact on Travel,2025-07-18 10:40:25,Skift
https://skift.com/2025/07/18/openai-launches-chatgpt-agent-mode-what-it-could-mean-for-the-travel-industry/,OpenAI Launches ChatGPT Agent Mode: What It Could Mean for the Travel Industry,2025-07-18 05:39:00,Skift
https://skift.com/2025/07/17/former-heads-of-google-travel-and-tripadvisor-form-ai-startup-to-head-off-online-travel-agencies/,Former Heads of Google Travel and Tripadvisor Form AI Startup to Head Off Online Travel Agencies,2025-07-17 19:10:00,Skift
https://skift.com/2025/07/17/why-jet2s-jingle-became-tiktoks-surprise-summer-travel-meme/,Why Jet2’s Jingle Became TikTok’s Surprise Summer Travel Meme,2025-07-19 11:45:11,Skift
https://skift.com/2025/07/16/the-new-athletic-class-how-lifestyle-sports-are-reshaping-travel/,The New Athletic Class: How Lifestyle Sports Are Reshaping Travel,2025-07-19 11:45:11,Skift
https://skift.com/2025/07/15/what-ai-and-tech-disruption-means-for-travel-jobs/,What AI and Tech Disruption Means for Travel Jobs,2025-07-19 11:45:11,Skift
https://skift.com/2025/07/10/minor-hotels-unveils-4-new-brands-in-global-expansion-push/,Minor Hotels Unveils 4 New Brands in Global Expansion Push,2025-07-10 05:00:00,Skift
https://skift.com/2025/07/10/delta-restores-full-year-guidance-says-demand-has-stabilized/,‘The Fundamentals of the U.S. Economy Are Solid’: Delta Restores Full-Year Guidance,2025-07-10 07:54:30,Skift
https://skift.com/2025/07/09/indonesia-expands-visa-free-list-to-include-two-more-countries/,Indonesia Expands Visa-Free List to Include Two More Countries,2025-07-09 02:02:54,Skift
https://skift.com/2025/07/08/tsa-confirms-new-tsa-policy-shoes-stay-on/,DHS Confirms New Airport Screening Policy — Shoes Stay On,2025-07-08 18:16:26,Skift
https://skift.com/2025/07/08/36-country-travel-ban-expansion-alarms-corporate-travel/,36-Country Travel Ban Expansion Alarms Corporate Travel,2025-07-08 14:41:56,Skift
https://skift.com/2025/07/07/whats-next-for-tripadvisor-now-that-it-has-an-activist-investor/,What’s Next for Tripadvisor Now That it Has an Activist Investor?,2025-07-07 17:05:01,Skift
https://skift.com/2025/07/09/uae-shuts-down-reports-of-lifetime-visas/,UAE Shuts Down Reports of ‘Lifetime Visas’,2025-07-09 04:10:00,Skift
https://skift.com/2025/07/18/what-if-trump-fires-the-federal-reserve-chair-impact-on-travel/,What if Trump Fires the Federal Reserve Chair? Impact on Travel,2025-07-18 10:40:25,Skift
https://skift.com/2025/07/17/u-s-embassy-in-india-warns-theft-can-get-visa-cancelled-after-viral-shoplifting-video/,U.S. Embassy in India Warns Theft Can Get Visa Cancelled After Viral Shoplifting Video,2025-07-17 05:22:34,Skift
https://skift.com/2025/07/11/canadian-border-crossings-to-the-u-s-plunged-33-in-june/,Canadian Border Crossings to the U.S. Plunged 33% in June,2025-07-11 11:26:44,Skift
https://skift.com/2025/07/09/bryan-bedford-confirmed-to-lead-faa-in-divisive-senate-vote/,Republic Airways CEO Bryan Bedford Confirmed to Lead FAA in Divisive Senate Vote,2025-07-09 15:40:22,Skift
https://skift.com/2025/07/17/taj-parent-ihcl-to-hit-400-hotels-soon-as-sports-religious-travel-drive-demand/,"Taj-Parent IHCL to Hit 400 Hotels Soon as Sports, Religious Travel Drive Demand",2025-07-17 15:37:30,Skift
https://skift.com/2025/07/17/wyndhams-grubhub-deal-highlights-the-uberization-of-hotels/,Wyndham’s Grubhub Deal Highlights the ‘Uberization’ of Hotels,2025-07-17 13:25:46,Skift
https://skift.com/2025/07/16/itc-hotels-gets-board-nod-for-381-million-vizag-hotel/,ITC Hotels Gets Board Nod for $381 Million Vizag Hotel,2025-07-16 23:00:00,Skift
https://skift.com/2025/07/16/marriotts-cfo-leeny-oberg-to-retire-c-suite-transition-announced/,"Marriott’s CFO Leeny Oberg to Retire, C-Suite Transition Announced",2025-07-16 06:47:43,Skift
https://skift.com/2025/07/17/former-heads-of-google-travel-and-tripadvisor-form-ai-startup-to-head-off-online-travel-agencies/,Former Heads of Google Travel and Tripadvisor Form AI Startup to Head Off Online Travel Agencies,2025-07-17 19:10:00,Skift
https://skift.com/2025/07/16/why-american-express-travel-will-stop-selling-flight-and-hotel-packages-exclusive/,Why American Express Travel Will Stop Selling Flight and Hotel Packages: Exclusive,2025-07-16 15:37:06,Skift
https://skift.com/2025/07/16/ixigos-ai-mindset-use-tech-instead-of-just-hiring-more-people/,Ixigo’s AI Mindset: Use Tech Instead of ‘Just Hiring More People’,2025-07-16 10:43:01,Skift
https://skift.com/2025/07/15/what-ai-and-tech-disruption-means-for-travel-jobs/,What AI and Tech Disruption Means for Travel Jobs,2025-07-15 11:33:11,Skift
https://skift.com/2025/07/17/uncertainty-has-declined-united-remains-bullish-on-2025/,‘Uncertainty Has Declined’: United Sees Demand Rebound,2025-07-17 13:36:45,Skift
https://skift.com/2025/07/17/lufthansa-ceo-warns-of-tax-burden-on-german-aviation-capacity-is-dropping/,Lufthansa CEO Warns of Tax Burden on German Aviation – Capacity Is Dropping,2025-07-17 12:38:32,Skift
https://skift.com/2025/07/17/why-jet2s-jingle-became-tiktoks-surprise-summer-travel-meme/,Why Jet2’s Jingle Became TikTok’s Surprise Summer Travel Meme,2025-07-17 12:27:26,Skift
https://skift.com/2025/07/17/united-airlines-emissions-hit-post-2019-high-more-increases-likely/,United Airlines Emissions Hit Post-2019 High — More Increases Likely,2025-07-17 10:45:40,Skift
https://skift.com/insights/the-state-of-corporate-travel-and-expense-2025/,The State of Corporate Travel and Expense 2025,2025-07-19 11:45:11,Skift
https://skift.com/insights/new-research-the-state-of-ground-and-sea-transportation/,New Research: The State of Ground and Sea Transportation,2025-07-19 11:45:11,Skift
https://skift.com/insights/skift-india-forum-2025/,Skift India Forum 2025: 10 Forces Shaping the Travel Industry,2025-07-19 11:45:11,Skift
https://skift.com/2025/07/18/grand-canyon-covered-in-smoke-wildfire-destroys-historic-lodge/,"Grand Canyon Covered in Smoke, Wildfire Destroys Historic Lodge",2025-07-18 13:58:28,Skift
https://skift.com/2025/07/17/united-airlines-emissions-hit-post-2019-high-more-increases-likely/,United Airlines Emissions Hit Post-2019 High — More Increases Likely,2025-07-17 10:45:40,Skift
https://skift.com/2025/07/15/zohran-mamdani-says-new-york-needs-infrastructure-upgrade-for-new-climate-reality-as-flash-floods-disrupt-travel/,Zohran Mamdani Says New York Needs Infrastructure Upgrade for ‘New Climate Reality’ as Flash Floods Disrupt Travel,2025-07-15 09:26:40,Skift
https://skift.com/2025/07/10/marriotts-net-zero-hotel-breaks-ground-but-green-tax-breaks-are-going-away/,"Marriott’s Net-Zero Hotel Breaks Ground, But Green Tax Breaks Are Going Away",2025-07-10 16:29:13,Skift
https://skift.com/2025/06/16/skift-data-ai-summit-video-ai-and-the-future-of-travel-marketing/,Skift Data + AI Summit Video: AI and the Future of Travel Marketing,2025-06-16 09:44:58,Skift
https://skift.com/2025/06/04/ai-will-drive-hotels-to-follow-amazons-loyalty-playbook/,AI Will Drive Hotels to Follow Amazon’s Loyalty Playbook,2025-06-04 14:24:11,Skift
https://skift.com/2025/06/04/amex-gbt-amadeus-ai-usage-is-getting-cheaper-voice-may-be-a-gamechanger/,"Amex GBT, Amadeus: AI Usage is Getting Cheaper, Voice May Be a Gamechanger",2025-06-04 13:22:40,Skift
https://skift.com/2025/06/04/hiltons-ai-strategy-less-hype-more-guest-experience/,"Hilton’s AI Strategy: Less Hype, More Guest Experience",2025-06-04 12:21:00,Skift
https://skift.com/2025/06/01/its-like-being-in-an-oven-how-extreme-heat-is-changing-travel/,‘It’s Like Being in an Oven:’ How Extreme Heat Is Changing Travel,2025-06-01 08:00:00,Skift
https://skift.com/2025/05/27/every-one-of-marriotts-30-hotel-brands-explained/,"Every One of Marriott’s Hotel Brands, Explained",2025-05-27 12:18:38,Skift
https://skift.com/2025/06/28/extreme-loyalty-the-airlines-turning-travel-into-a-competitive-sport/,Extreme Loyalty: The Airlines Turning Travel Into a Competitive Sport,2025-06-28 08:00:00,Skift
https://skift.com/2025/05/24/the-silent-years-of-the-u-s-travel-industry-are-upon-us/,The Silent Years of the U.S. Travel Industry Are Upon Us,2025-05-24 14:31:13,Skift
https://skift.com/2025/04/30/travel-leaders-anonymously-speak-out-on-trumps-turbulent-first-100-days/,Travel Leaders (Anonymously) Speak Out on Trump’s Turbulent First 100 Days,2025-04-30 02:19:37,Skift
https://skift.com/2025/04/27/flying-cars-and-supersonic-jets-silicon-valleys-new-arms-race/,Flying Cars and Supersonic Jets: Silicon Valley’s New Arms Race,2025-04-27 08:00:00,Skift
https://skift.com/2025/03/08/religious-tourism-the-indian-travel-industrys-next-big-bet/,Religious Tourism: The Indian Travel Industry’s Next Big Bet,2025-03-08 19:00:00,Skift
https://skift.com/2025/02/02/feeding-frenzy-the-year-of-ma-in-travel-tech/,‘Feeding Frenzy’: The Year of M&A in Travel Tech,2025-02-02 09:00:00,Skift
https://www.phocuswire.com/uber-partners-nuro-lucid-launch-robotaxis,"Uber partners with Nuro, Lucid to launch 20,000 robotaxis",2025-07-18 00:00:00,PhocusWire
https://www.phocuswire.com/folio-series-a-funding,Folio lands $14M to fuel growth,2025-07-18 00:00:00,PhocusWire
https://www.phocuswire.com/travel-tech-news-briefs-july-18-2025,"PhocusWire's weekly travel tech news briefs: Fora, Amex GBT, Expedia Group and more...",2025-07-18 00:00:00,PhocusWire
https://www.phocuswire.com/phocuswright-europe-2025-short-term-rentals,Headwinds and tailwinds impacting the European rentals landscape,2025-07-18 00:00:00,PhocusWire
https://www.phocuswire.com/wyoming-tv-advertising-ctv-travel-discovery,How Wyoming increased traveler interest ninefold through a TV campaign,2025-07-18 00:00:00,PhocusWire
https://www.phocuswire.com/blockskye-raises-15-million-united-airlines-ventures,"Blockskye raises $15.8 million to expand, launch payment products",2025-07-17 00:00:00,PhocusWire
https://www.phocuswire.com/air-france-klm-accenture-google-cloud-launch-gen-ai-factory,"Air France-KLM partners with Accenture, Google Cloud to launch gen AI factory",2025-07-17 00:00:00,PhocusWire
https://www.phocuswire.com/travel-curious-acquires-redeam,Travel Curious acquires Redeam to offer more services to experience providers,2025-07-17 00:00:00,PhocusWire
https://www.phocuswire.com/european-hotels-rebuff-airbnb-overtourism-claims,European hotels rebuff Airbnb's overtourism claims,2025-07-17 00:00:00,PhocusWire
https://www.phocuswire.com/travcorp-acquires-specialist-holidays-group,"TravCorp acquires Specialist Holidays Group to strengthen position in premium, tailor-made markets",2025-07-16 00:00:00,PhocusWire
https://www.phocuswire.com/startup-stage-pink-notebook,"Startup Stage: Pink Notebook offers visual-first, social travel planning",2025-07-16 00:00:00,PhocusWire
https://www.phocuswire.com/phocuswright-europe-2025-alix-boulnois-accor,"Accor's tech chief on experiences, shifting mindset and system fragmentation",2025-07-16 00:00:00,PhocusWire
https://www.phocuswire.com/uber-baidu-partner-deploy-robotaxis-asia-middle-east,"Uber, Baidu partner to deploy robotaxis globally",2025-07-15 00:00:00,PhocusWire
https://www.phocuswire.com/instagram-google-integration-game-changer-travel-marketing,Instagram's Google integration: A game changer for travel marketing,2025-07-15 00:00:00,PhocusWire
https://www.phocuswire.com/rydoo-acquires-semine-expense-management-ai-travel,Rydoo acquires AI-powered Semine,2025-07-15 00:00:00,PhocusWire
https://www.phocuswire.com/instagram-google-integration-game-changer-travel-marketing,Instagram's Google integration: A game changer for travel marketing,2025-07-19 17:15:12,PhocusWire
https://www.phocuswire.com/delta-fetcherr-ai-pricing-deployment,Delta encouraged by early results of AI pricing with Fetcherr,2025-07-19 17:15:12,PhocusWire
https://www.phocuswire.com/rydoo-acquires-semine-expense-management-ai-travel,Rydoo acquires AI-powered Semine,2025-07-19 17:15:12,PhocusWire
https://www.phocuswire.com/european-hotels-rebuff-airbnb-overtourism-claims,European hotels rebuff Airbnb's overtourism claims,2025-07-19 17:15:12,PhocusWire
https://www.phocuswire.com/phocuswright-europe-2025-agents-digital-id-future-travel,Industry leaders on the future of digital identity and AI agents,2025-07-19 17:15:12,PhocusWire
https://www.phocuswire.com/uber-partners-nuro-lucid-launch-robotaxis,"Uber partners with Nuro, Lucid to launch 20,000 robotaxis",2025-07-19 17:15:12,PhocusWire
https://www.phocuswire.com/folio-series-a-funding,Folio lands $14M to fuel growth,2025-07-19 17:15:12,PhocusWire
https://www.phocuswire.com/travel-tech-news-briefs-july-18-2025,"PhocusWire's weekly travel tech news briefs: Fora, Amex GBT, Expedia Group and more...",2025-07-19 17:15:12,PhocusWire
https://www.phocuswire.com/phocuswright-europe-2025-short-term-rentals,Headwinds and tailwinds impacting the European rentals landscape,2025-07-19 17:15:12,PhocusWire
https://www.phocuswire.com/wyoming-tv-advertising-ctv-travel-discovery,How Wyoming increased traveler interest ninefold through a TV campaign,2025-07-19 17:15:12,PhocusWire
